country,name
1010,Algeria
1020,Angola
1025,Benin
1030,Botswana
1035,Burkina Faso
1040,Burundi
1045,Cameroon
1060,Cape Verde
1070,Central African Republic
1080,Chad
1090,Comoros
1100,Congo
1115,Cote d'Ivoire
1120,Djibouti
1125,Egypt
1130,Equatorial Guinea
1135,Eritrea
1140,Ethiopia
1160,Gabon
1170,Gambia
1180,Ghana
1190,Guinea
1192,Guinea-Bissau
1220,Kenya
1230,Lesotho
1240,Liberia
1250,Libyan Arab Jamahiriya
1260,Madagascar
1270,Malawi
1280,Mali
1290,Mauritania
1300,Mauritius
1303,Mayotte
1310,Morocco
1320,Mozambique
1325,Namibia
1330,Niger
1340,Nigeria
1360,Reunion
1365,Rodrigues
1370,Rwanda
1385,Sao Tome and Principe
1390,Senegal
1400,Seychelles
1410,Sierra Leone
1420,Somalia
1430,South Africa
1460,South Sudan
1465,Sudan
1470,"Sudan, Former"
1480,Eswatini
1510,Togo
1520,Tunisia
1530,Uganda
1546,United Republic of Tanzania
1555,Democratic Republic of the Congo
1560,Zambia
1570,Zimbabwe
2005,Anguilla
2010,Antigua and Barbuda
2020,Argentina
2025,Aruba
2030,Bahamas
2040,Barbados
2045,Belize
2050,Bermuda
2060,Bolivia
2070,Brazil
2085,British Virgin Islands
2110,Cayman Islands
2120,Chile
2130,Colombia
2140,Costa Rica
2150,Cuba
2160,Dominica
2170,Dominican Republic
2180,Ecuador
2190,El Salvador
2200,Falkland Islands (Malvinas)
2210,French Guiana
2230,Grenada
2240,Guadeloupe
2250,Guatemala
2260,Guyana
2270,Haiti
2280,Honduras
2290,Jamaica
2300,Martinique
2310,Mexico
2320,Montserrat
2330,Netherlands Antilles
2340,Nicaragua
2350,Panama
2360,Paraguay
2370,Peru
2380,Puerto Rico
2385,Saint Kitts and Nevis
2400,Saint Lucia
2410,Saint Pierre and Miquelon
2420,Saint Vincent and Grenadines
2430,Suriname
2440,Trinidad and Tobago
2445,Turks and Caicos Islands
2460,Uruguay
2470,Venezuela
